id;attachment_name;gcc_id;gcc_name
1;Arizona hack;76719;quantifying
2;synthesize Idaho Markets;37487;asymmetric EXE
3;web services;80210;Strategist
4;Incredible Fresh Car Tuvalu;99296;Gorgeous Rubber Chicken Associate Central African Republic
5;magenta heuristic;99583;Naira iterate
6;Unbranded Plastic Chips Brand Regional;45565;Money Market Account
7;Mouse;64684;facilitate Persevering
8;Fantastic;97439;Architect
9;Beauty dynamic schemas;60278;clear-thinking Frozen Licensed
10;Group hard drive Personal Loan Account;41824;Accountability
