id;complement_description;employee_id;employee_name
1;Aruba Chair portals;77760;Ways Liaison engage
2;disintermediate Assistant generating;83832;Bypass
3;Plastic Movies;7535;New Taiwan Dollar Zimbabwe parse
4;Monaco input Accounts;84964;Ergonomic Falls
5;User-friendly;27473;white SMTP
6;Checking Account global Steel;67157;Kyrgyz Republic transmit
7;solution connecting;96797;Refined redundant
8;Granite Grocery;75513;Credit Card Account transmitter cyan
9;Checking Account;98046;Home Loan Account withdrawal
10;partnerships International;34825;Berkshire solid state
